Workbook

Sheet Risk Register
A1: Asset ID | B1: Asset Name | C1: Asset Type | D1: Confidentiality | E1: Integrity | F1: Availability | G1: Risk ID | H1: Risk Description | I1: Category | J1: Likelihood (1-5) | K1: Impact (1-5) | L1: Risk Score | M1: Risk Level | N1: Existing Controls | O1: Treatment Plan | P1: Residual Likelihood (1-5) | Q1: Residual Impact (1-5) | R1: Residual Risk Score | S1: Residual Risk Level | T1: Owner | U1: Status | V1: Review Date
A2: AST-001 | B2: Employee Laptops | C2: Endpoint | D2: High | E2: Medium | F2: Medium | G2: R-001 | H2: Phishing email leads to compromised employee credentials | I2: Cybersecurity | J2: 4 | K2: 4 | L2: =J2*K2 -> 16 | M2: =IF(L2>=15,"Critical",IF(L2>=9,"High",IF(L2>=4,"Medium","Low"))) -> Critical | N2: Email filtering, security awareness training | O2: Enforce MFA org-wide; run quarterly phishing simulations | P2: 2 | Q2: 3 | R2: =P2*Q2 -> 6 | S2: =IF(R2>=15,"Critical",IF(R2>=9,"High",IF(R2>=4,"Medium","Low"))) -> Medium | T2: IT Security | U2: In Progress | V2: 2026-10-01
A3: AST-002 | B3: Customer Database | C3: Database | D3: High | E3: High | F3: High | G3: R-002 | H3: SQL injection vulnerability in customer-facing web application | I3: Cybersecurity | J3: 3 | K3: 5 | L3: =J3*K3 -> 15 | M3: =IF(L3>=15,"Critical",IF(L3>=9,"High",IF(L3>=4,"Medium","Low"))) -> Critical | N3: Web Application Firewall (partial coverage) | O3: Implement parameterized queries; expand WAF coverage; run penetration test | P3: 1 | Q3: 5 | R3: =P3*Q3 -> 5 | S3: =IF(R3>=15,"Critical",IF(R3>=9,"High",IF(R3>=4,"Medium","Low"))) -> Medium | T3: Application Security | U3: Open | V3: 2026-09-15
A4: AST-003 | B4: Company File Server | C4: Server | D4: High | E4: Medium | F4: High | G4: R-003 | H4: Data at rest is not encrypted | I4: Cybersecurity | J4: 3 | K4: 5 | L4: =J4*K4 -> 15 | M4: =IF(L4>=15,"Critical",IF(L4>=9,"High",IF(L4>=4,"Medium","Low"))) -> Critical | N4: None currently — data stored in plaintext on disk | O4: Implement AES-256 encryption for all data at rest | P4: 1 | Q4: 5 | R4: =P4*Q4 -> 5 | S4: =IF(R4>=15,"Critical",IF(R4>=9,"High",IF(R4>=4,"Medium","Low"))) -> Medium | T4: IT Security | U4: Open | V4: 2026-09-30
A5: AST-004 | B5: Cloud Storage Bucket | C5: Cloud Storage | D5: High | E5: High | F5: Medium | G5: R-004 | H5: Cloud storage bucket misconfigured with public access | I5: Cybersecurity | J5: 3 | K5: 5 | L5: =J5*K5 -> 15 | M5: =IF(L5>=15,"Critical",IF(L5>=9,"High",IF(L5>=4,"Medium","Low"))) -> Critical | N5: Manual quarterly configuration review | O5: Deploy automated Cloud Security Posture Management (CSPM) tool | P5: 1 | Q5: 5 | R5: =P5*Q5 -> 5 | S5: =IF(R5>=15,"Critical",IF(R5>=9,"High",IF(R5>=4,"Medium","Low"))) -> Medium | T5: Cloud Engineering | U5: In Progress | V5: 2026-08-15
A6: AST-005 | B6: HR / Payroll System | C6: Application | D6: High | E6: High | F6: Medium | G6: R-005 | H6: Insider threat: unauthorized access to payroll and PII data | I6: Compliance / Legal | J6: 2 | K6: 5 | L6: =J6*K6 -> 10 | M6: =IF(L6>=15,"Critical",IF(L6>=9,"High",IF(L6>=4,"Medium","Low"))) -> High | N6: Role-based access control (RBAC) | O6: Implement quarterly access reviews and audit logging | P6: 1 | Q6: 4 | R6: =P6*Q6 -> 4 | S6: =IF(R6>=15,"Critical",IF(R6>=9,"High",IF(R6>=4,"Medium","Low"))) -> Medium | T6: HR / IT | U6: Mitigated | V6: 2026-12-01
A7: AST-006 | B7: Corporate Network | C7: Network | D7: Medium | E7: Medium | F7: High | G7: R-006 | H7: DDoS attack causes public service outage | I7: Operational | J7: 2 | K7: 4 | L7: =J7*K7 -> 8 | M7: =IF(L7>=15,"Critical",IF(L7>=9,"High",IF(L7>=4,"Medium","Low"))) -> Medium | N7: Basic perimeter firewall | O7: Subscribe to managed DDoS protection service | P7: 1 | Q7: 3 | R7: =P7*Q7 -> 3 | S7: =IF(R7>=15,"Critical",IF(R7>=9,"High",IF(R7>=4,"Medium","Low"))) -> Low | T7: Network Operations | U7: Open | V7: 2026-10-30
A8: AST-007 | B8: Privileged User Accounts | C8: Identity | D8: High | E8: High | F8: Medium | G8: R-007 | H8: Multi-factor authentication not enforced on privileged/admin accounts | I8: Cybersecurity | J8: 4 | K8: 5 | L8: =J8*K8 -> 20 | M8: =IF(L8>=15,"Critical",IF(L8>=9,"High",IF(L8>=4,"Medium","Low"))) -> Critical | N8: Password complexity policy only | O8: Enforce MFA for all privileged and administrative accounts | P8: 1 | Q8: 5 | R8: =P8*Q8 -> 5 | S8: =IF(R8>=15,"Critical",IF(R8>=9,"High",IF(R8>=4,"Medium","Low"))) -> Medium | T8: IT Security | U8: Open | V8: 2026-09-01
A9: AST-008 | B9: Vendor Management Platform | C9: Third-Party System | D9: High | E9: Medium | F9: Low | G9: R-008 | H9: Third-party vendor processes customer data without a signed DPA | I9: Third-Party / Vendor Risk | J9: 2 | K9: 5 | L9: =J9*K9 -> 10 | M9: =IF(L9>=15,"Critical",IF(L9>=9,"High",IF(L9>=4,"Medium","Low"))) -> High | N9: Informal vendor review at onboarding | O9: Require signed Data Processing Agreement before data access is granted | P9: 1 | Q9: 3 | R9: =P9*Q9 -> 3 | S9: =IF(R9>=15,"Critical",IF(R9>=9,"High",IF(R9>=4,"Medium","Low"))) -> Low | T9: Procurement / Legal | U9: In Progress | V9: 2026-09-01
A10: AST-009 | B10: Backup Infrastructure | C10: Infrastructure | D10: Medium | E10: High | F10: High | G10: R-009 | H10: Backup and disaster recovery plan exists but has never been tested | I10: Business Continuity / Disaster Recovery | J10: 2 | K10: 5 | L10: =J10*K10 -> 10 | M10: =IF(L10>=15,"Critical",IF(L10>=9,"High",IF(L10>=4,"Medium","Low"))) -> High | N10: Automated nightly backups (untested restore) | O10: Run quarterly DR test and document a formal recovery runbook | P10: 1 | Q10: 4 | R10: =P10*Q10 -> 4 | S10: =IF(R10>=15,"Critical",IF(R10>=9,"High",IF(R10>=4,"Medium","Low"))) -> Medium | T10: IT Operations | U10: Open | V10: 2026-11-01
A11: AST-010 | B11: Company-Issued Laptops | C11: Endpoint | D11: High | E11: Medium | F11: Medium | G11: R-010 | H11: Lost or stolen laptop with unencrypted local storage | I11: Cybersecurity | J11: 3 | K11: 4 | L11: =J11*K11 -> 12 | M11: =IF(L11>=15,"Critical",IF(L11>=9,"High",IF(L11>=4,"Medium","Low"))) -> High | N11: Device encryption policy exists but is not enforced | O11: Enforce full-disk encryption via MDM on all endpoints | P11: 1 | Q11: 3 | R11: =P11*Q11 -> 3 | S11: =IF(R11>=15,"Critical",IF(R11>=9,"High",IF(R11>=4,"Medium","Low"))) -> Low | T11: IT Operations | U11: Open | V11: 2026-10-15
A12: AST-011 | B12: SaaS Applications | C12: Application | D12: Medium | E12: Medium | F12: Medium | G12: R-011 | H12: Shadow IT: employees using unapproved SaaS tools with company data | I12: Compliance / Legal | J12: 4 | K12: 3 | L12: =J12*K12 -> 12 | M12: =IF(L12>=15,"Critical",IF(L12>=9,"High",IF(L12>=4,"Medium","Low"))) -> High | N12: None | O12: Deploy SaaS discovery tool; enforce acceptable use policy | P12: 2 | Q12: 2 | R12: =P12*Q12 -> 4 | S12: =IF(R12>=15,"Critical",IF(R12>=9,"High",IF(R12>=4,"Medium","Low"))) -> Medium | T12: IT Governance | U12: Open | V12: 2026-09-20
A13: AST-012 | B13: Server Room | C13: Physical Facility | D13: Low | E13: Low | F13: Medium | G13: R-012 | H13: Unauthorized physical access to server room | I13: Physical | J13: 2 | K13: 3 | L13: =J13*K13 -> 6 | M13: =IF(L13>=15,"Critical",IF(L13>=9,"High",IF(L13>=4,"Medium","Low"))) -> Medium | N13: Keycard access control | O13: Add biometric access control and maintain a visitor log | P13: 1 | Q13: 2 | R13: =P13*Q13 -> 2 | S13: =IF(R13>=15,"Critical",IF(R13>=9,"High",IF(R13>=4,"Medium","Low"))) -> Low | T13: Facilities | U13: Mitigated | V13: 2027-01-01
... A16: AST-015 | B16: Employee Offboarding Process | C16: Process | D16: Medium | E16: Low | F16: Low | G16: R-015 | H16: Terminated employees retain access to systems after departure | I16: Compliance / Legal | J16: 3 | K16: 4 | L16: =J16*K16 -> 12 | M16: =IF(L16>=15,"Critical",IF(L16>=9,"High",IF(L16>=4,"Medium","Low"))) -> High | N16: Manual offboarding checklist | O16: Automate deprovisioning by integrating IAM with the HRIS | P16: 1 | Q16: 3 | R16: =P16*Q16 -> 3 | S16: =IF(R16>=15,"Critical",IF(R16>=9,"High",IF(R16>=4,"Medium","Low"))) -> Low | T16: IT / HR | U16: Open | V16: 2026-10-05
L17: =J17*K17 -> 0 | M17: =IF(L17>=15,"Critical",IF(L17>=9,"High",IF(L17>=4,"Medium","Low"))) -> Low | R17: =P17*Q17 -> 0 | S17: =IF(R17>=15,"Critical",IF(R17>=9,"High",IF(R17>=4,"Medium","Low"))) -> Low
L18: =J18*K18 -> 0 | M18: =IF(L18>=15,"Critical",IF(L18>=9,"High",IF(L18>=4,"Medium","Low"))) -> Low | R18: =P18*Q18 -> 0 | S18: =IF(R18>=15,"Critical",IF(R18>=9,"High",IF(R18>=4,"Medium","Low"))) -> Low
L19: =J19*K19 -> 0 | M19: =IF(L19>=15,"Critical",IF(L19>=9,"High",IF(L19>=4,"Medium","Low"))) -> Low | R19: =P19*Q19 -> 0 | S19: =IF(R19>=15,"Critical",IF(R19>=9,"High",IF(R19>=4,"Medium","Low"))) -> Low
L20: =J20*K20 -> 0 | M20: =IF(L20>=15,"Critical",IF(L20>=9,"High",IF(L20>=4,"Medium","Low"))) -> Low | R20: =P20*Q20 -> 0 | S20: =IF(R20>=15,"Critical",IF(R20>=9,"High",IF(R20>=4,"Medium","Low"))) -> Low
L21: =J21*K21 -> 0 | M21: =IF(L21>=15,"Critical",IF(L21>=9,"High",IF(L21>=4,"Medium","Low"))) -> Low | R21: =P21*Q21 -> 0 | S21: =IF(R21>=15,"Critical",IF(R21>=9,"High",IF(R21>=4,"Medium","Low"))) -> Low
L22: =J22*K22 -> 0 | M22: =IF(L22>=15,"Critical",IF(L22>=9,"High",IF(L22>=4,"Medium","Low"))) -> Low | R22: =P22*Q22 -> 0 | S22: =IF(R22>=15,"Critical",IF(R22>=9,"High",IF(R22>=4,"Medium","Low"))) -> Low
L23: =J23*K23 -> 0 | M23: =IF(L23>=15,"Critical",IF(L23>=9,"High",IF(L23>=4,"Medium","Low"))) -> Low | R23: =P23*Q23 -> 0 | S23: =IF(R23>=15,"Critical",IF(R23>=9,"High",IF(R23>=4,"Medium","Low"))) -> Low
L24: =J24*K24 -> 0 | M24: =IF(L24>=15,"Critical",IF(L24>=9,"High",IF(L24>=4,"Medium","Low"))) -> Low | R24: =P24*Q24 -> 0 | S24: =IF(R24>=15,"Critical",IF(R24>=9,"High",IF(R24>=4,"Medium","Low"))) -> Low
L25: =J25*K25 -> 0 | M25: =IF(L25>=15,"Critical",IF(L25>=9,"High",IF(L25>=4,"Medium","Low"))) -> Low | R25: =P25*Q25 -> 0 | S25: =IF(R25>=15,"Critical",IF(R25>=9,"High",IF(R25>=4,"Medium","Low"))) -> Low
L26: =J26*K26 -> 0 | M26: =IF(L26>=15,"Critical",IF(L26>=9,"High",IF(L26>=4,"Medium","Low"))) -> Low | R26: =P26*Q26 -> 0 | S26: =IF(R26>=15,"Critical",IF(R26>=9,"High",IF(R26>=4,"Medium","Low"))) -> Low
L27: =J27*K27 -> 0 | M27: =IF(L27>=15,"Critical",IF(L27>=9,"High",IF(L27>=4,"Medium","Low"))) -> Low | R27: =P27*Q27 -> 0 | S27: =IF(R27>=15,"Critical",IF(R27>=9,"High",IF(R27>=4,"Medium","Low"))) -> Low
L28: =J28*K28 -> 0 | M28: =IF(L28>=15,"Critical",IF(L28>=9,"High",IF(L28>=4,"Medium","Low"))) -> Low | R28: =P28*Q28 -> 0 | S28: =IF(R28>=15,"Critical",IF(R28>=9,"High",IF(R28>=4,"Medium","Low"))) -> Low
... L500: =J500*K500 -> 0 | M500: =IF(L500>=15,"Critical",IF(L500>=9,"High",IF(L500>=4,"Medium","Low"))) -> Low | R500: =P500*Q500 -> 0 | S500: =IF(R500>=15,"Critical",IF(R500>=9,"High",IF(R500>=4,"Medium","Low"))) -> Low

Sheet Legend & Instructions
A1: GRC Risk Register — Starter Kit
A3: This register comes PRE-FILLED with 15 common organizational risks, already scored, so
A4: you can see exactly how a finished risk register looks and reads before adding your own.
A6: COLUMNS EXPLAINED
A7: Asset ID / Asset Name / Asset Type — the system, data, or process the risk applies to.
A8: Confidentiality / Integrity / Availability (CIA) — how sensitive this asset is on each of the
A9: three classic information security dimensions (High/Medium/Low). This tells you WHY a risk
A10: to this asset matters — e.g. a High-Confidentiality asset means a breach is especially costly.
A11: Risk ID / Risk Description / Category — what could go wrong, and what kind of risk it is.
A12: Likelihood (1-5) / Impact (1-5) — your judgment of how likely this is, and how bad it would be.
A13: Risk Score / Risk Level — CALCULATED AUTOMATICALLY (Likelihood x Impact). Do not type into these.
A14: Bands: 1-3 Low, 4-8 Medium, 9-14 High, 15-25 Critical.
... A32: 6. See the Dashboard tab for a live summary of all risks by level, status, and CIA exposure.

Sheet Dashboard
A1: Risk Register Dashboard
A3: By Risk Level
A4: Risk Level | B4: Count
A5: Critical | B5: =COUNTIFS('Risk Register'!M:M,"Critical",'Risk Register'!G:G,"<>") -> 5
A6: High | B6: =COUNTIFS('Risk Register'!M:M,"High",'Risk Register'!G:G,"<>") -> 7
A7: Medium | B7: =COUNTIFS('Risk Register'!M:M,"Medium",'Risk Register'!G:G,"<>") -> 3
A8: Low | B8: =COUNTIFS('Risk Register'!M:M,"Low",'Risk Register'!G:G,"<>") -> 0
A10: By Status
A11: Status | B11: Count
A12: Open | B12: =COUNTIFS('Risk Register'!U:U,"Open",'Risk Register'!G:G,"<>") -> 9
A13: In Progress | B13: =COUNTIFS('Risk Register'!U:U,"In Progress",'Risk Register'!G:G,"<>") -> 4
A14: Mitigated | B14: =COUNTIFS('Risk Register'!U:U,"Mitigated",'Risk Register'!G:G,"<>") -> 2
A15: Accepted | B15: =COUNTIFS('Risk Register'!U:U,"Accepted",'Risk Register'!G:G,"<>") -> 0
A16: Closed | B16: =COUNTIFS('Risk Register'!U:U,"Closed",'Risk Register'!G:G,"<>") -> 0
A18: By Confidentiality Rating
A19: Confidentiality | B19: Count
A20: High | B20: =COUNTIFS('Risk Register'!D:D,"High",'Risk Register'!G:G,"<>") -> 9
A21: Medium | B21: =COUNTIFS('Risk Register'!D:D,"Medium",'Risk Register'!G:G,"<>") -> 5
A22: Low | B22: =COUNTIFS('Risk Register'!D:D,"Low",'Risk Register'!G:G,"<>") -> 1
A25: Overdue Reviews (past due, not Closed/Mitigated)
A26: Count | B26: =SUMPRODUCT(('Risk Register'!V2:V500<TODAY())*('Risk Register'!V2:V500<>"")*('Risk Register'!U2:U500<>"Closed")*('Risk Register'!U2:U500<>"Mitigated")) -> 0
